symbol,fundingTime,fundingRate,fundingTime_dt,fundingRate_pct
BTCUSDT,1690819200000,8.138e-05,2023-07-31 16:00:00.000,0.008138
BTCUSDT,1690848000000,6.664e-05,2023-08-01 00:00:00.000,0.006664
BTCUSDT,1690876800001,7.297e-05,2023-08-01 08:00:00.001,0.007297
BTCUSDT,1690905600003,0.0001,2023-08-01 16:00:00.003,0.01
BTCUSDT,1690934400004,0.0001,2023-08-02 00:00:00.004,0.01
BTCUSDT,1690963200000,0.0001,2023-08-02 08:00:00.000,0.01
BTCUSDT,1690992000000,0.0001,2023-08-02 16:00:00.000,0.01
BTCUSDT,1691020800005,0.0001,2023-08-03 00:00:00.005,0.01
BTCUSDT,1691049600000,0.0001,2023-08-03 08:00:00.000,0.01
BTCUSDT,1691078400003,0.0001,2023-08-03 16:00:00.003,0.01
BTCUSDT,1691107200000,8e-05,2023-08-04 00:00:00.000,0.008
BTCUSDT,1691136000000,0.0001,2023-08-04 08:00:00.000,0.01
BTCUSDT,1691164800003,0.0001,2023-08-04 16:00:00.003,0.01
BTCUSDT,1691193600013,4.407e-05,2023-08-05 00:00:00.013,0.004407
BTCUSDT,1691222400000,0.0001,2023-08-05 08:00:00.000,0.01
BTCUSDT,1691251200000,0.0001,2023-08-05 16:00:00.000,0.01
BTCUSDT,1691280000000,0.0001,2023-08-06 00:00:00.000,0.01
BTCUSDT,1691308800000,0.0001,2023-08-06 08:00:00.000,0.01
BTCUSDT,1691337600001,0.0001,2023-08-06 16:00:00.001,0.01
BTCUSDT,1691366400029,0.0001,2023-08-07 00:00:00.029,0.01
BTCUSDT,1691395200000,7.69e-05,2023-08-07 08:00:00.000,0.00769
BTCUSDT,1691424000015,0.0001,2023-08-07 16:00:00.015,0.01
BTCUSDT,1691452800004,0.0001,2023-08-08 00:00:00.004,0.01
BTCUSDT,1691481600001,9.12e-05,2023-08-08 08:00:00.001,0.00912
BTCUSDT,1691510400000,5.765e-05,2023-08-08 16:00:00.000,0.005765
BTCUSDT,1691539200002,8.231e-05,2023-08-09 00:00:00.002,0.008231
BTCUSDT,1691568000007,9.671e-05,2023-08-09 08:00:00.007,0.009671
BTCUSDT,1691596800009,8.82e-05,2023-08-09 16:00:00.009,0.00882
BTCUSDT,1691625600002,0.0001,2023-08-10 00:00:00.002,0.01
BTCUSDT,1691654400000,0.0001,2023-08-10 08:00:00.000,0.01
BTCUSDT,1691683200000,8.425e-05,2023-08-10 16:00:00.000,0.008425
BTCUSDT,1691712000000,0.0001,2023-08-11 00:00:00.000,0.01
BTCUSDT,1691740800000,0.0001,2023-08-11 08:00:00.000,0.01
BTCUSDT,1691769600000,7.152e-05,2023-08-11 16:00:00.000,0.007152
BTCUSDT,1691798400003,0.0001,2023-08-12 00:00:00.003,0.01
BTCUSDT,1691827200000,0.0001,2023-08-12 08:00:00.000,0.01
BTCUSDT,1691856000003,9.156e-05,2023-08-12 16:00:00.003,0.009156
BTCUSDT,1691884800003,0.0001,2023-08-13 00:00:00.003,0.01
BTCUSDT,1691913600000,4.39e-05,2023-08-13 08:00:00.000,0.004390000000000001
BTCUSDT,1691942400006,0.0001,2023-08-13 16:00:00.006,0.01
BTCUSDT,1691971200000,0.0001,2023-08-14 00:00:00.000,0.01
BTCUSDT,1692000000002,0.0001,2023-08-14 08:00:00.002,0.01
BTCUSDT,1692028800011,0.0001,2023-08-14 16:00:00.011,0.01
BTCUSDT,1692057600011,9.866e-05,2023-08-15 00:00:00.011,0.009866
BTCUSDT,1692086400007,0.0001,2023-08-15 08:00:00.007,0.01
BTCUSDT,1692115200002,0.0001,2023-08-15 16:00:00.002,0.01
BTCUSDT,1692144000000,0.0001,2023-08-16 00:00:00.000,0.01
BTCUSDT,1692172800000,0.0001,2023-08-16 08:00:00.000,0.01
BTCUSDT,1692201600000,0.0001,2023-08-16 16:00:00.000,0.01
BTCUSDT,1692230400007,0.0001,2023-08-17 00:00:00.007,0.01
BTCUSDT,1692259200011,0.0001,2023-08-17 08:00:00.011,0.01
BTCUSDT,1692288000000,0.0001,2023-08-17 16:00:00.000,0.01
BTCUSDT,1692316800006,0.0001,2023-08-18 00:00:00.006,0.01
BTCUSDT,1692345600014,9.6e-07,2023-08-18 08:00:00.014,9.599999999999999e-05
BTCUSDT,1692374400000,5.659e-05,2023-08-18 16:00:00.000,0.005659
BTCUSDT,1692403200000,-1.6e-06,2023-08-19 00:00:00.000,-0.00015999999999999999
BTCUSDT,1692432000000,-2.51e-06,2023-08-19 08:00:00.000,-0.00025100000000000003
BTCUSDT,1692460800000,-5.229e-05,2023-08-19 16:00:00.000,-0.005229
BTCUSDT,1692489600001,-2.946e-05,2023-08-20 00:00:00.001,-0.002946
BTCUSDT,1692518400011,-4.237e-05,2023-08-20 08:00:00.011,-0.004237
BTCUSDT,1692547200007,-6.9e-07,2023-08-20 16:00:00.007,-6.9e-05
BTCUSDT,1692576000000,-2.744e-05,2023-08-21 00:00:00.000,-0.0027440000000000003
BTCUSDT,1692604800003,6.51e-06,2023-08-21 08:00:00.003,0.000651
BTCUSDT,1692633600000,-4.86e-06,2023-08-21 16:00:00.000,-0.000486
BTCUSDT,1692662400000,-3e-06,2023-08-22 00:00:00.000,-0.00030000000000000003
BTCUSDT,1692691200001,-2.02e-05,2023-08-22 08:00:00.001,-0.00202
BTCUSDT,1692720000003,3.304e-05,2023-08-22 16:00:00.003,0.003304
BTCUSDT,1692748800005,3.174e-05,2023-08-23 00:00:00.005,0.0031739999999999997
BTCUSDT,1692777600012,-1.12e-05,2023-08-23 08:00:00.012,-0.00112
BTCUSDT,1692806400000,3.285e-05,2023-08-23 16:00:00.000,0.0032849999999999997
BTCUSDT,1692835200000,-2.04e-05,2023-08-24 00:00:00.000,-0.00204
BTCUSDT,1692864000013,2.62e-05,2023-08-24 08:00:00.013,0.00262
BTCUSDT,1692892800000,5.291e-05,2023-08-24 16:00:00.000,0.005291
BTCUSDT,1692921600000,-6.39e-06,2023-08-25 00:00:00.000,-0.000639
BTCUSDT,1692950400001,2.991e-05,2023-08-25 08:00:00.001,0.002991
BTCUSDT,1692979200010,4.116e-05,2023-08-25 16:00:00.010,0.004116
BTCUSDT,1693008000008,3.754e-05,2023-08-26 00:00:00.008,0.0037540000000000004
BTCUSDT,1693036800001,5.356e-05,2023-08-26 08:00:00.001,0.0053560000000000005
BTCUSDT,1693065600004,2.102e-05,2023-08-26 16:00:00.004,0.0021019999999999997
BTCUSDT,1693094400011,9.6e-07,2023-08-27 00:00:00.011,9.599999999999999e-05
BTCUSDT,1693123200000,3.948e-05,2023-08-27 08:00:00.000,0.003948
BTCUSDT,1693152000001,1.237e-05,2023-08-27 16:00:00.001,0.001237
BTCUSDT,1693180800000,-2.36e-06,2023-08-28 00:00:00.000,-0.000236
BTCUSDT,1693209600007,4.728e-05,2023-08-28 08:00:00.007,0.004728
BTCUSDT,1693238400009,4.471e-05,2023-08-28 16:00:00.009,0.004470999999999999
BTCUSDT,1693267200000,8.51e-06,2023-08-29 00:00:00.000,0.000851
BTCUSDT,1693296000008,3.917e-05,2023-08-29 08:00:00.008,0.003917
BTCUSDT,1693324800002,2.583e-05,2023-08-29 16:00:00.002,0.002583
BTCUSDT,1693353600000,4.877e-05,2023-08-30 00:00:00.000,0.004877
BTCUSDT,1693382400000,5.668e-05,2023-08-30 08:00:00.000,0.005668
BTCUSDT,1693411200014,3.893e-05,2023-08-30 16:00:00.014,0.003893
BTCUSDT,1693440000000,2.776e-05,2023-08-31 00:00:00.000,0.002776
BTCUSDT,1693468800001,6.945e-05,2023-08-31 08:00:00.001,0.006945
BTCUSDT,1693497600007,7.886e-05,2023-08-31 16:00:00.007,0.007886
BTCUSDT,1693526400000,2.502e-05,2023-09-01 00:00:00.000,0.002502
BTCUSDT,1693555200003,6.239e-05,2023-09-01 08:00:00.003,0.006239000000000001
BTCUSDT,1693584000000,6.453e-05,2023-09-01 16:00:00.000,0.0064529999999999995
BTCUSDT,1693612800000,4.852e-05,2023-09-02 00:00:00.000,0.004852
BTCUSDT,1693641600000,1.903e-05,2023-09-02 08:00:00.000,0.001903
BTCUSDT,1693670400009,-1.775e-05,2023-09-02 16:00:00.009,-0.001775
BTCUSDT,1693699200015,4.951e-05,2023-09-03 00:00:00.015,0.004951
BTCUSDT,1693728000015,2.69e-06,2023-09-03 08:00:00.015,0.00026900000000000003
BTCUSDT,1693756800000,2.99e-05,2023-09-03 16:00:00.000,0.00299
BTCUSDT,1693785600002,2.557e-05,2023-09-04 00:00:00.002,0.0025570000000000002
BTCUSDT,1693814400000,1.565e-05,2023-09-04 08:00:00.000,0.001565
BTCUSDT,1693843200000,-7.53e-06,2023-09-04 16:00:00.000,-0.000753
BTCUSDT,1693872000000,-3.8e-07,2023-09-05 00:00:00.000,-3.8e-05
BTCUSDT,1693900800011,1.713e-05,2023-09-05 08:00:00.011,0.0017130000000000001
BTCUSDT,1693929600007,3.253e-05,2023-09-05 16:00:00.007,0.0032530000000000002
BTCUSDT,1693958400009,1.546e-05,2023-09-06 00:00:00.009,0.001546
BTCUSDT,1693987200001,-3.24e-05,2023-09-06 08:00:00.001,-0.0032400000000000003
BTCUSDT,1694016000000,2.151e-05,2023-09-06 16:00:00.000,0.0021509999999999997
BTCUSDT,1694044800001,4.065e-05,2023-09-07 00:00:00.001,0.004065
BTCUSDT,1694073600005,4.332e-05,2023-09-07 08:00:00.005,0.004332
BTCUSDT,1694102400000,7.12e-05,2023-09-07 16:00:00.000,0.00712
BTCUSDT,1694131200001,-1.193e-05,2023-09-08 00:00:00.001,-0.0011929999999999998
BTCUSDT,1694160000001,2.52e-06,2023-09-08 08:00:00.001,0.000252
BTCUSDT,1694188800000,-1.613e-05,2023-09-08 16:00:00.000,-0.001613
BTCUSDT,1694217600007,-4.982e-05,2023-09-09 00:00:00.007,-0.004982
BTCUSDT,1694246400010,-4.46e-06,2023-09-09 08:00:00.010,-0.00044599999999999994
BTCUSDT,1694275200000,1.603e-05,2023-09-09 16:00:00.000,0.001603
BTCUSDT,1694304000005,3.25e-06,2023-09-10 00:00:00.005,0.000325
BTCUSDT,1694332800000,3.564e-05,2023-09-10 08:00:00.000,0.003564
BTCUSDT,1694361600000,3.12e-05,2023-09-10 16:00:00.000,0.00312
BTCUSDT,1694390400001,-3.1e-07,2023-09-11 00:00:00.001,-3.1e-05
BTCUSDT,1694419200010,1.841e-05,2023-09-11 08:00:00.010,0.0018410000000000002
BTCUSDT,1694448000001,2.085e-05,2023-09-11 16:00:00.001,0.002085
BTCUSDT,1694476800000,2.875e-05,2023-09-12 00:00:00.000,0.002875
BTCUSDT,1694505600004,5.538e-05,2023-09-12 08:00:00.004,0.005538
BTCUSDT,1694534400007,-3.034e-05,2023-09-12 16:00:00.007,-0.0030340000000000002
BTCUSDT,1694563200003,2.178e-05,2023-09-13 00:00:00.003,0.0021780000000000002
BTCUSDT,1694592000000,1.241e-05,2023-09-13 08:00:00.000,0.001241
BTCUSDT,1694620800000,2.849e-05,2023-09-13 16:00:00.000,0.002849
BTCUSDT,1694649600005,6.25e-06,2023-09-14 00:00:00.005,0.000625
BTCUSDT,1694678400006,3.409e-05,2023-09-14 08:00:00.006,0.003409
BTCUSDT,1694707200014,-4.878e-05,2023-09-14 16:00:00.014,-0.0048779999999999995
BTCUSDT,1694736000011,-2.292e-05,2023-09-15 00:00:00.011,-0.002292
BTCUSDT,1694764800000,-5.3e-07,2023-09-15 08:00:00.000,-5.3e-05
BTCUSDT,1694793600000,7.416e-05,2023-09-15 16:00:00.000,0.007416
BTCUSDT,1694822400000,-1.22e-05,2023-09-16 00:00:00.000,-0.00122
BTCUSDT,1694851200000,-4.415e-05,2023-09-16 08:00:00.000,-0.0044150000000000005
BTCUSDT,1694880000000,-3.091e-05,2023-09-16 16:00:00.000,-0.003091
BTCUSDT,1694908800000,9.72e-06,2023-09-17 00:00:00.000,0.000972
BTCUSDT,1694937600009,1.138e-05,2023-09-17 08:00:00.009,0.001138
BTCUSDT,1694966400007,8.01e-06,2023-09-17 16:00:00.007,0.000801
BTCUSDT,1694995200000,-5.29e-06,2023-09-18 00:00:00.000,-0.0005290000000000001
BTCUSDT,1695024000000,7.59e-06,2023-09-18 08:00:00.000,0.000759
BTCUSDT,1695052800002,-6.6e-05,2023-09-18 16:00:00.002,-0.006600000000000001
BTCUSDT,1695081600008,2.47e-05,2023-09-19 00:00:00.008,0.00247
BTCUSDT,1695110400005,-1.807e-05,2023-09-19 08:00:00.005,-0.0018070000000000002
BTCUSDT,1695139200007,-1.198e-05,2023-09-19 16:00:00.007,-0.001198
BTCUSDT,1695168000001,-2.5e-05,2023-09-20 00:00:00.001,-0.0025
BTCUSDT,1695196800002,-3.496e-05,2023-09-20 08:00:00.002,-0.0034959999999999995
BTCUSDT,1695225600000,-8.1e-06,2023-09-20 16:00:00.000,-0.0008100000000000001
BTCUSDT,1695254400000,-1.2e-06,2023-09-21 00:00:00.000,-0.00011999999999999999
BTCUSDT,1695283200000,4.31e-05,2023-09-21 08:00:00.000,0.00431
BTCUSDT,1695312000000,7.806e-05,2023-09-21 16:00:00.000,0.007806
BTCUSDT,1695340800007,-3.4e-07,2023-09-22 00:00:00.007,-3.4e-05
BTCUSDT,1695369600008,1.151e-05,2023-09-22 08:00:00.008,0.001151
BTCUSDT,1695398400000,2.3e-05,2023-09-22 16:00:00.000,0.0023
BTCUSDT,1695427200000,6.742e-05,2023-09-23 00:00:00.000,0.006742
BTCUSDT,1695456000016,1.414e-05,2023-09-23 08:00:00.016,0.0014140000000000001
BTCUSDT,1695484800004,6.6e-07,2023-09-23 16:00:00.004,6.6e-05
BTCUSDT,1695513600010,-7.11e-06,2023-09-24 00:00:00.010,-0.0007109999999999999
BTCUSDT,1695542400000,5.05e-05,2023-09-24 08:00:00.000,0.00505
BTCUSDT,1695571200000,3.017e-05,2023-09-24 16:00:00.000,0.003017
BTCUSDT,1695600000002,-8.14e-06,2023-09-25 00:00:00.002,-0.000814
BTCUSDT,1695628800004,8.608e-05,2023-09-25 08:00:00.004,0.008608000000000001
BTCUSDT,1695657600010,4.655e-05,2023-09-25 16:00:00.010,0.004655
BTCUSDT,1695686400000,-3.661e-05,2023-09-26 00:00:00.000,-0.0036609999999999998
BTCUSDT,1695715200000,-1.534e-05,2023-09-26 08:00:00.000,-0.0015339999999999998
BTCUSDT,1695744000004,6.089e-05,2023-09-26 16:00:00.004,0.006089
BTCUSDT,1695772800013,9.77e-05,2023-09-27 00:00:00.013,0.009770000000000001
BTCUSDT,1695801600008,3.426e-05,2023-09-27 08:00:00.008,0.0034260000000000002
BTCUSDT,1695830400000,2.025e-05,2023-09-27 16:00:00.000,0.002025
BTCUSDT,1695859200007,1.266e-05,2023-09-28 00:00:00.007,0.001266
BTCUSDT,1695888000004,-1.405e-05,2023-09-28 08:00:00.004,-0.001405
BTCUSDT,1695916800000,-5.209e-05,2023-09-28 16:00:00.000,-0.005209
BTCUSDT,1695945600003,-3.708e-05,2023-09-29 00:00:00.003,-0.003708
BTCUSDT,1695974400018,-2.755e-05,2023-09-29 08:00:00.018,-0.002755
BTCUSDT,1696003200000,6.27e-06,2023-09-29 16:00:00.000,0.0006270000000000001
BTCUSDT,1696032000000,6.23e-06,2023-09-30 00:00:00.000,0.000623
BTCUSDT,1696060800004,1.869e-05,2023-09-30 08:00:00.004,0.001869
BTCUSDT,1696089600003,1.688e-05,2023-09-30 16:00:00.003,0.001688
BTCUSDT,1696118400000,4.27e-06,2023-10-01 00:00:00.000,0.00042699999999999997
BTCUSDT,1696147200007,-6.34e-06,2023-10-01 08:00:00.007,-0.000634
BTCUSDT,1696176000005,-2.192e-05,2023-10-01 16:00:00.005,-0.002192
BTCUSDT,1696204800004,5.939e-05,2023-10-02 00:00:00.004,0.005939
BTCUSDT,1696233600001,6.17e-06,2023-10-02 08:00:00.001,0.000617
BTCUSDT,1696262400003,-1.281e-05,2023-10-02 16:00:00.003,-0.001281
BTCUSDT,1696291200001,4.087e-05,2023-10-03 00:00:00.001,0.004087
BTCUSDT,1696320000001,1.626e-05,2023-10-03 08:00:00.001,0.001626
BTCUSDT,1696348800000,2.749e-05,2023-10-03 16:00:00.000,0.002749
BTCUSDT,1696377600017,5.9e-05,2023-10-04 00:00:00.017,0.0059
BTCUSDT,1696406400004,6.162e-05,2023-10-04 08:00:00.004,0.006162
BTCUSDT,1696435200000,-2.546e-05,2023-10-04 16:00:00.000,-0.002546
BTCUSDT,1696464000001,-3.709e-05,2023-10-05 00:00:00.001,-0.003709
BTCUSDT,1696492800000,-4.352e-05,2023-10-05 08:00:00.000,-0.004352
BTCUSDT,1696521600000,-2.474e-05,2023-10-05 16:00:00.000,-0.002474
BTCUSDT,1696550400000,-7.97e-06,2023-10-06 00:00:00.000,-0.000797
BTCUSDT,1696579200010,1.917e-05,2023-10-06 08:00:00.010,0.001917
BTCUSDT,1696608000002,-2.87e-05,2023-10-06 16:00:00.002,-0.00287
BTCUSDT,1696636800000,2.388e-05,2023-10-07 00:00:00.000,0.002388
BTCUSDT,1696665600001,2.938e-05,2023-10-07 08:00:00.001,0.002938
BTCUSDT,1696694400013,2.17e-05,2023-10-07 16:00:00.013,0.00217
BTCUSDT,1696723200008,3.6e-06,2023-10-08 00:00:00.008,0.00035999999999999997
BTCUSDT,1696752000000,9.24e-06,2023-10-08 08:00:00.000,0.0009239999999999999
BTCUSDT,1696780800000,5.478e-05,2023-10-08 16:00:00.000,0.005478
BTCUSDT,1696809600000,4.076e-05,2023-10-09 00:00:00.000,0.004076000000000001
BTCUSDT,1696838400002,3.54e-05,2023-10-09 08:00:00.002,0.00354
BTCUSDT,1696867200007,7.865e-05,2023-10-09 16:00:00.007,0.007865
BTCUSDT,1696896000012,6.219e-05,2023-10-10 00:00:00.012,0.006219
BTCUSDT,1696924800010,2.028e-05,2023-10-10 08:00:00.010,0.002028
BTCUSDT,1696953600010,4.643e-05,2023-10-10 16:00:00.010,0.004643
BTCUSDT,1696982400000,5.948e-05,2023-10-11 00:00:00.000,0.005948
BTCUSDT,1697011200000,8.206e-05,2023-10-11 08:00:00.000,0.008206
BTCUSDT,1697040000003,6.514e-05,2023-10-11 16:00:00.003,0.006514000000000001
BTCUSDT,1697068800005,0.0001,2023-10-12 00:00:00.005,0.01
BTCUSDT,1697097600005,2.628e-05,2023-10-12 08:00:00.005,0.002628
BTCUSDT,1697126400000,7.464e-05,2023-10-12 16:00:00.000,0.007464
BTCUSDT,1697155200006,2.328e-05,2023-10-13 00:00:00.006,0.002328
BTCUSDT,1697184000000,1.947e-05,2023-10-13 08:00:00.000,0.0019470000000000002
BTCUSDT,1697212800005,2.468e-05,2023-10-13 16:00:00.005,0.002468
BTCUSDT,1697241600000,3.14e-06,2023-10-14 00:00:00.000,0.000314
BTCUSDT,1697270400000,2.173e-05,2023-10-14 08:00:00.000,0.002173
BTCUSDT,1697299200005,2.415e-05,2023-10-14 16:00:00.005,0.002415
BTCUSDT,1697328000001,-1.497e-05,2023-10-15 00:00:00.001,-0.001497
BTCUSDT,1697356800002,4.305e-05,2023-10-15 08:00:00.002,0.004305000000000001
BTCUSDT,1697385600002,2.422e-05,2023-10-15 16:00:00.002,0.0024219999999999997
BTCUSDT,1697414400000,7.39e-06,2023-10-16 00:00:00.000,0.0007390000000000001
BTCUSDT,1697443200002,2.95e-06,2023-10-16 08:00:00.002,0.000295
BTCUSDT,1697472000000,0.0001,2023-10-16 16:00:00.000,0.01
BTCUSDT,1697500800000,7.11e-06,2023-10-17 00:00:00.000,0.0007109999999999999
BTCUSDT,1697529600000,1.869e-05,2023-10-17 08:00:00.000,0.001869
BTCUSDT,1697558400006,-1.928e-05,2023-10-17 16:00:00.006,-0.0019279999999999998
BTCUSDT,1697587200004,-3.469e-05,2023-10-18 00:00:00.004,-0.0034690000000000003
BTCUSDT,1697616000000,-9.28e-06,2023-10-18 08:00:00.000,-0.0009279999999999999
BTCUSDT,1697644800000,1.727e-05,2023-10-18 16:00:00.000,0.0017269999999999998
BTCUSDT,1697673600000,-9.23e-06,2023-10-19 00:00:00.000,-0.000923
BTCUSDT,1697702400005,-5.34e-06,2023-10-19 08:00:00.005,-0.000534
BTCUSDT,1697731200000,-0.00010395,2023-10-19 16:00:00.000,-0.010395000000000001
BTCUSDT,1697760000000,-8.972e-05,2023-10-20 00:00:00.000,-0.008972
BTCUSDT,1697788800000,2.724e-05,2023-10-20 08:00:00.000,0.002724
BTCUSDT,1697817600000,2.817e-05,2023-10-20 16:00:00.000,0.002817
BTCUSDT,1697846400010,-1.381e-05,2023-10-21 00:00:00.010,-0.001381
BTCUSDT,1697875200000,4.488e-05,2023-10-21 08:00:00.000,0.004488
BTCUSDT,1697904000002,6.086e-05,2023-10-21 16:00:00.002,0.006085999999999999
BTCUSDT,1697932800000,2.466e-05,2023-10-22 00:00:00.000,0.0024660000000000003
BTCUSDT,1697961600011,2.633e-05,2023-10-22 08:00:00.011,0.002633
BTCUSDT,1697990400000,3.241e-05,2023-10-22 16:00:00.000,0.0032410000000000004
BTCUSDT,1698019200002,8.45e-05,2023-10-23 00:00:00.002,0.00845
BTCUSDT,1698048000000,9.691e-05,2023-10-23 08:00:00.000,0.009691
BTCUSDT,1698076800000,9.32e-06,2023-10-23 16:00:00.000,0.0009320000000000001
BTCUSDT,1698105600001,0.0001,2023-10-24 00:00:00.001,0.01
BTCUSDT,1698134400012,0.0001,2023-10-24 08:00:00.012,0.01
BTCUSDT,1698163200002,0.0001,2023-10-24 16:00:00.002,0.01
BTCUSDT,1698192000000,0.0001,2023-10-25 00:00:00.000,0.01
BTCUSDT,1698220800009,0.0001,2023-10-25 08:00:00.009,0.01
BTCUSDT,1698249600002,0.0001,2023-10-25 16:00:00.002,0.01
BTCUSDT,1698278400000,0.0001,2023-10-26 00:00:00.000,0.01
BTCUSDT,1698307200002,0.0001,2023-10-26 08:00:00.002,0.01
BTCUSDT,1698336000004,0.0001,2023-10-26 16:00:00.004,0.01
BTCUSDT,1698364800000,0.0001,2023-10-27 00:00:00.000,0.01
BTCUSDT,1698393600001,0.0001,2023-10-27 08:00:00.001,0.01
BTCUSDT,1698422400000,0.0001,2023-10-27 16:00:00.000,0.01
BTCUSDT,1698451200012,0.0001,2023-10-28 00:00:00.012,0.01
BTCUSDT,1698480000010,0.0001,2023-10-28 08:00:00.010,0.01
BTCUSDT,1698508800000,0.0001,2023-10-28 16:00:00.000,0.01
BTCUSDT,1698537600009,0.0001,2023-10-29 00:00:00.009,0.01
BTCUSDT,1698566400007,0.0001,2023-10-29 08:00:00.007,0.01
BTCUSDT,1698595200000,0.0001,2023-10-29 16:00:00.000,0.01
BTCUSDT,1698624000002,0.0001,2023-10-30 00:00:00.002,0.01
BTCUSDT,1698652800000,0.0001,2023-10-30 08:00:00.000,0.01
BTCUSDT,1698681600005,0.0001,2023-10-30 16:00:00.005,0.01
BTCUSDT,1698710400000,0.0001,2023-10-31 00:00:00.000,0.01
BTCUSDT,1698739200007,0.0001,2023-10-31 08:00:00.007,0.01
BTCUSDT,1698768000001,0.0001,2023-10-31 16:00:00.001,0.01
BTCUSDT,1698796800000,0.0001,2023-11-01 00:00:00.000,0.01
BTCUSDT,1698825600000,0.0001,2023-11-01 08:00:00.000,0.01
BTCUSDT,1698854400003,0.0001,2023-11-01 16:00:00.003,0.01
BTCUSDT,1698883200000,0.0001,2023-11-02 00:00:00.000,0.01
BTCUSDT,1698912000012,0.0001,2023-11-02 08:00:00.012,0.01
BTCUSDT,1698940800000,0.0001,2023-11-02 16:00:00.000,0.01
BTCUSDT,1698969600000,0.0001,2023-11-03 00:00:00.000,0.01
BTCUSDT,1698998400000,0.0001,2023-11-03 08:00:00.000,0.01
BTCUSDT,1699027200018,0.0001,2023-11-03 16:00:00.018,0.01
BTCUSDT,1699056000000,0.0001,2023-11-04 00:00:00.000,0.01
BTCUSDT,1699084800000,0.0001,2023-11-04 08:00:00.000,0.01
BTCUSDT,1699113600009,0.0001,2023-11-04 16:00:00.009,0.01
BTCUSDT,1699142400000,0.0001,2023-11-05 00:00:00.000,0.01
BTCUSDT,1699171200009,0.0001,2023-11-05 08:00:00.009,0.01
BTCUSDT,1699200000000,0.0001,2023-11-05 16:00:00.000,0.01
BTCUSDT,1699228800014,0.0001,2023-11-06 00:00:00.014,0.01
BTCUSDT,1699257600000,0.0001,2023-11-06 08:00:00.000,0.01
BTCUSDT,1699286400000,0.0001,2023-11-06 16:00:00.000,0.01
BTCUSDT,1699315200000,0.0001,2023-11-07 00:00:00.000,0.01
BTCUSDT,1699344000010,0.0001,2023-11-07 08:00:00.010,0.01
BTCUSDT,1699372800002,0.0001,2023-11-07 16:00:00.002,0.01
BTCUSDT,1699401600001,0.0001,2023-11-08 00:00:00.001,0.01
BTCUSDT,1699430400001,0.0001,2023-11-08 08:00:00.001,0.01
BTCUSDT,1699459200000,0.0001,2023-11-08 16:00:00.000,0.01
BTCUSDT,1699488000009,0.0001,2023-11-09 00:00:00.009,0.01
BTCUSDT,1699516800000,0.0001,2023-11-09 08:00:00.000,0.01
BTCUSDT,1699545600007,0.00020481,2023-11-09 16:00:00.007,0.020481000000000003
BTCUSDT,1699574400014,0.0001,2023-11-10 00:00:00.014,0.01
BTCUSDT,1699603200000,0.00011384,2023-11-10 08:00:00.000,0.011384
BTCUSDT,1699632000000,0.0001,2023-11-10 16:00:00.000,0.01
BTCUSDT,1699660800011,0.0001,2023-11-11 00:00:00.011,0.01
BTCUSDT,1699689600000,0.00016357,2023-11-11 08:00:00.000,0.016357
BTCUSDT,1699718400000,0.00014903,2023-11-11 16:00:00.000,0.014903
BTCUSDT,1699747200010,0.00015553,2023-11-12 00:00:00.010,0.015552999999999999
BTCUSDT,1699776000005,0.00023544,2023-11-12 08:00:00.005,0.023544000000000002
BTCUSDT,1699804800005,0.00027144,2023-11-12 16:00:00.005,0.027144
BTCUSDT,1699833600003,0.00032166,2023-11-13 00:00:00.003,0.032166
BTCUSDT,1699862400005,0.00010891,2023-11-13 08:00:00.005,0.010891
BTCUSDT,1699891200010,0.00020098,2023-11-13 16:00:00.010,0.020097999999999998
BTCUSDT,1699920000008,0.0001697,2023-11-14 00:00:00.008,0.01697
BTCUSDT,1699948800014,0.00016323,2023-11-14 08:00:00.014,0.016323
BTCUSDT,1699977600001,0.00014286,2023-11-14 16:00:00.001,0.014286
BTCUSDT,1700006400002,0.0001,2023-11-15 00:00:00.002,0.01
BTCUSDT,1700035200003,0.0001,2023-11-15 08:00:00.003,0.01
BTCUSDT,1700064000008,0.0001,2023-11-15 16:00:00.008,0.01
BTCUSDT,1700092800000,0.0001,2023-11-16 00:00:00.000,0.01
BTCUSDT,1700121600002,0.00014763,2023-11-16 08:00:00.002,0.014763
BTCUSDT,1700150400013,0.00011482,2023-11-16 16:00:00.013,0.011482000000000001
BTCUSDT,1700179200000,0.0001,2023-11-17 00:00:00.000,0.01
BTCUSDT,1700208000011,0.0001,2023-11-17 08:00:00.011,0.01
BTCUSDT,1700236800004,0.0001,2023-11-17 16:00:00.004,0.01
BTCUSDT,1700265600000,0.0001,2023-11-18 00:00:00.000,0.01
BTCUSDT,1700294400016,0.0001,2023-11-18 08:00:00.016,0.01
BTCUSDT,1700323200007,0.0001,2023-11-18 16:00:00.007,0.01
BTCUSDT,1700352000004,0.0001,2023-11-19 00:00:00.004,0.01
BTCUSDT,1700380800007,0.0001,2023-11-19 08:00:00.007,0.01
BTCUSDT,1700409600002,0.0001,2023-11-19 16:00:00.002,0.01
BTCUSDT,1700438400006,0.0001,2023-11-20 00:00:00.006,0.01
BTCUSDT,1700467200001,0.0001,2023-11-20 08:00:00.001,0.01
BTCUSDT,1700496000008,0.0001,2023-11-20 16:00:00.008,0.01
BTCUSDT,1700524800000,0.0001,2023-11-21 00:00:00.000,0.01
BTCUSDT,1700553600000,0.0001,2023-11-21 08:00:00.000,0.01
BTCUSDT,1700582400007,0.0001,2023-11-21 16:00:00.007,0.01
BTCUSDT,1700611200001,0.0001,2023-11-22 00:00:00.001,0.01
BTCUSDT,1700640000002,0.0001,2023-11-22 08:00:00.002,0.01
BTCUSDT,1700668800009,0.0001,2023-11-22 16:00:00.009,0.01
BTCUSDT,1700697600000,0.0001,2023-11-23 00:00:00.000,0.01
BTCUSDT,1700726400002,0.0001,2023-11-23 08:00:00.002,0.01
BTCUSDT,1700755200000,0.0001,2023-11-23 16:00:00.000,0.01
BTCUSDT,1700784000002,0.0001,2023-11-24 00:00:00.002,0.01
BTCUSDT,1700812800004,0.0001,2023-11-24 08:00:00.004,0.01
BTCUSDT,1700841600000,0.0001,2023-11-24 16:00:00.000,0.01
BTCUSDT,1700870400007,0.0001,2023-11-25 00:00:00.007,0.01
BTCUSDT,1700899200002,0.0001,2023-11-25 08:00:00.002,0.01
BTCUSDT,1700928000003,0.0001,2023-11-25 16:00:00.003,0.01
BTCUSDT,1700956800013,0.0001,2023-11-26 00:00:00.013,0.01
BTCUSDT,1700985600002,0.0001,2023-11-26 08:00:00.002,0.01
BTCUSDT,1701014400000,0.0001,2023-11-26 16:00:00.000,0.01
BTCUSDT,1701043200011,0.0001,2023-11-27 00:00:00.011,0.01
BTCUSDT,1701072000001,0.0001,2023-11-27 08:00:00.001,0.01
BTCUSDT,1701100800015,0.0001,2023-11-27 16:00:00.015,0.01
BTCUSDT,1701129600000,0.0001,2023-11-28 00:00:00.000,0.01
BTCUSDT,1701158400000,0.0001,2023-11-28 08:00:00.000,0.01
BTCUSDT,1701187200000,0.0001,2023-11-28 16:00:00.000,0.01
BTCUSDT,1701216000000,0.0001,2023-11-29 00:00:00.000,0.01
BTCUSDT,1701244800009,0.0001,2023-11-29 08:00:00.009,0.01
BTCUSDT,1701273600000,0.0001,2023-11-29 16:00:00.000,0.01
BTCUSDT,1701302400001,0.0001,2023-11-30 00:00:00.001,0.01
BTCUSDT,1701331200000,0.0001,2023-11-30 08:00:00.000,0.01
BTCUSDT,1701360000001,0.0001,2023-11-30 16:00:00.001,0.01
BTCUSDT,1701388800008,0.0001,2023-12-01 00:00:00.008,0.01
BTCUSDT,1701417600000,3.125e-05,2023-12-01 08:00:00.000,0.003125
BTCUSDT,1701446400002,0.001875,2023-12-01 16:00:00.002,0.1875
BTCUSDT,1701475200010,0.001875,2023-12-02 00:00:00.010,0.1875
BTCUSDT,1701504000000,0.0001,2023-12-02 08:00:00.000,0.01
BTCUSDT,1701532800001,0.0001,2023-12-02 16:00:00.001,0.01
BTCUSDT,1701561600000,0.00088608,2023-12-03 00:00:00.000,0.088608
BTCUSDT,1701590400000,0.00159037,2023-12-03 08:00:00.000,0.159037
BTCUSDT,1701619200000,0.0012436,2023-12-03 16:00:00.000,0.12436000000000001
BTCUSDT,1701648000010,0.0001,2023-12-04 00:00:00.010,0.01
BTCUSDT,1701676800010,0.00050088,2023-12-04 08:00:00.010,0.050088
BTCUSDT,1701705600000,0.0001,2023-12-04 16:00:00.000,0.01
BTCUSDT,1701734400000,0.0001,2023-12-05 00:00:00.000,0.01
BTCUSDT,1701763200000,0.0001,2023-12-05 08:00:00.000,0.01
BTCUSDT,1701792000000,0.0001,2023-12-05 16:00:00.000,0.01
BTCUSDT,1701820800014,0.00157157,2023-12-06 00:00:00.014,0.157157
BTCUSDT,1701849600010,0.0017161,2023-12-06 08:00:00.010,0.17160999999999998
BTCUSDT,1701878400000,0.00155037,2023-12-06 16:00:00.000,0.15503699999999998
BTCUSDT,1701907200000,0.001875,2023-12-07 00:00:00.000,0.1875
BTCUSDT,1701936000008,0.00119162,2023-12-07 08:00:00.008,0.119162
BTCUSDT,1701964800005,0.00154861,2023-12-07 16:00:00.005,0.154861
BTCUSDT,1701993600013,0.00176812,2023-12-08 00:00:00.013,0.176812
BTCUSDT,1702022400000,0.001875,2023-12-08 08:00:00.000,0.1875
BTCUSDT,1702051200003,0.001875,2023-12-08 16:00:00.003,0.1875
BTCUSDT,1702080000002,0.00057904,2023-12-09 00:00:00.002,0.057904
BTCUSDT,1702108800000,0.00090994,2023-12-09 08:00:00.000,0.090994
BTCUSDT,1702137600014,0.00142342,2023-12-09 16:00:00.014,0.142342
BTCUSDT,1702166400000,0.00089778,2023-12-10 00:00:00.000,0.08977800000000001
BTCUSDT,1702195200001,0.00076663,2023-12-10 08:00:00.001,0.07666300000000001
BTCUSDT,1702224000001,0.00047826,2023-12-10 16:00:00.001,0.047826
BTCUSDT,1702252800000,0.0006042,2023-12-11 00:00:00.000,0.06042
BTCUSDT,1702281600005,0.00046876,2023-12-11 08:00:00.005,0.046876
BTCUSDT,1702310400010,0.00088328,2023-12-11 16:00:00.010,0.08832799999999999
BTCUSDT,1702339200002,0.00048383,2023-12-12 00:00:00.002,0.048382999999999995
BTCUSDT,1702368000000,0.00086667,2023-12-12 08:00:00.000,0.08666700000000001
BTCUSDT,1702396800002,0.00107433,2023-12-12 16:00:00.002,0.107433
BTCUSDT,1702425600000,0.00041812,2023-12-13 00:00:00.000,0.041812
BTCUSDT,1702454400017,0.00083244,2023-12-13 08:00:00.017,0.083244
BTCUSDT,1702483200000,0.00047018,2023-12-13 16:00:00.000,0.047018
BTCUSDT,1702512000010,0.0001,2023-12-14 00:00:00.010,0.01
BTCUSDT,1702540800000,0.0001,2023-12-14 08:00:00.000,0.01
BTCUSDT,1702569600001,0.00031591,2023-12-14 16:00:00.001,0.031590999999999994
BTCUSDT,1702598400007,0.00020387,2023-12-15 00:00:00.007,0.020387000000000002
BTCUSDT,1702627200000,0.0001,2023-12-15 08:00:00.000,0.01
BTCUSDT,1702656000001,0.00013569,2023-12-15 16:00:00.001,0.013569
BTCUSDT,1702684800000,0.00132788,2023-12-16 00:00:00.000,0.13278800000000002
BTCUSDT,1702713600003,0.00081773,2023-12-16 08:00:00.003,0.081773
BTCUSDT,1702742400001,0.0001,2023-12-16 16:00:00.001,0.01
BTCUSDT,1702771200015,0.0001,2023-12-17 00:00:00.015,0.01
BTCUSDT,1702800000013,0.0001241,2023-12-17 08:00:00.013,0.012410000000000001
BTCUSDT,1702828800007,0.00071659,2023-12-17 16:00:00.007,0.071659
BTCUSDT,1702857600003,0.00046299,2023-12-18 00:00:00.003,0.046299
BTCUSDT,1702886400005,0.00079514,2023-12-18 08:00:00.005,0.079514
BTCUSDT,1702915200000,0.00023669,2023-12-18 16:00:00.000,0.023669000000000003
BTCUSDT,1702944000002,0.0001,2023-12-19 00:00:00.002,0.01
BTCUSDT,1702972800000,0.0001,2023-12-19 08:00:00.000,0.01
BTCUSDT,1703001600000,0.0001,2023-12-19 16:00:00.000,0.01
BTCUSDT,1703030400000,0.0001,2023-12-20 00:00:00.000,0.01
BTCUSDT,1703059200002,0.0001,2023-12-20 08:00:00.002,0.01
BTCUSDT,1703088000000,0.0001,2023-12-20 16:00:00.000,0.01
BTCUSDT,1703116800006,0.0001,2023-12-21 00:00:00.006,0.01
BTCUSDT,1703145600000,0.0001,2023-12-21 08:00:00.000,0.01
BTCUSDT,1703174400000,0.00045245,2023-12-21 16:00:00.000,0.045245
BTCUSDT,1703203200013,0.0001,2023-12-22 00:00:00.013,0.01
BTCUSDT,1703232000000,0.0001,2023-12-22 08:00:00.000,0.01
BTCUSDT,1703260800000,0.00021426,2023-12-22 16:00:00.000,0.021426
BTCUSDT,1703289600000,0.0001,2023-12-23 00:00:00.000,0.01
BTCUSDT,1703318400000,0.0001,2023-12-23 08:00:00.000,0.01
BTCUSDT,1703347200000,0.0001,2023-12-23 16:00:00.000,0.01
BTCUSDT,1703376000014,0.0001,2023-12-24 00:00:00.014,0.01
BTCUSDT,1703404800001,0.0001,2023-12-24 08:00:00.001,0.01
BTCUSDT,1703433600000,0.0001,2023-12-24 16:00:00.000,0.01
BTCUSDT,1703462400000,0.00062963,2023-12-25 00:00:00.000,0.06296299999999999
BTCUSDT,1703491200002,0.00090493,2023-12-25 08:00:00.002,0.09049299999999999
BTCUSDT,1703520000006,0.00078345,2023-12-25 16:00:00.006,0.078345
BTCUSDT,1703548800002,0.00143595,2023-12-26 00:00:00.002,0.143595
BTCUSDT,1703577600002,0.00074301,2023-12-26 08:00:00.002,0.074301
BTCUSDT,1703606400000,0.00102453,2023-12-26 16:00:00.000,0.102453
BTCUSDT,1703635200011,0.001875,2023-12-27 00:00:00.011,0.1875
BTCUSDT,1703664000002,0.00111393,2023-12-27 08:00:00.002,0.11139299999999999
BTCUSDT,1703692800002,0.00074003,2023-12-27 16:00:00.002,0.074003
BTCUSDT,1703721600000,0.00037248,2023-12-28 00:00:00.000,0.037248
BTCUSDT,1703750400000,0.00079098,2023-12-28 08:00:00.000,0.079098
BTCUSDT,1703779200002,0.00151596,2023-12-28 16:00:00.002,0.151596
BTCUSDT,1703808000000,0.00124294,2023-12-29 00:00:00.000,0.12429400000000002
BTCUSDT,1703836800014,0.00156323,2023-12-29 08:00:00.014,0.15632300000000002
BTCUSDT,1703865600003,0.00061976,2023-12-29 16:00:00.003,0.061976
BTCUSDT,1703894400002,0.00140035,2023-12-30 00:00:00.002,0.14003500000000002
BTCUSDT,1703923200003,0.00117926,2023-12-30 08:00:00.003,0.11792599999999999
BTCUSDT,1703952000000,0.00112541,2023-12-30 16:00:00.000,0.112541
BTCUSDT,1703980800000,0.00064641,2023-12-31 00:00:00.000,0.064641
BTCUSDT,1704009600004,0.00087141,2023-12-31 08:00:00.004,0.087141
BTCUSDT,1704038400000,0.00087677,2023-12-31 16:00:00.000,0.087677
BTCUSDT,1704067200001,0.00095964,2024-01-01 00:00:00.001,0.095964
BTCUSDT,1704096000000,0.00110454,2024-01-01 08:00:00.000,0.110454
BTCUSDT,1704124800003,0.00108365,2024-01-01 16:00:00.003,0.108365
BTCUSDT,1704153600000,0.00099313,2024-01-02 00:00:00.000,0.09931300000000001
BTCUSDT,1704182400000,0.00146769,2024-01-02 08:00:00.000,0.146769
BTCUSDT,1704211200005,0.00141588,2024-01-02 16:00:00.005,0.141588
BTCUSDT,1704240000005,0.0005105,2024-01-03 00:00:00.005,0.05105
BTCUSDT,1704268800012,0.00049907,2024-01-03 08:00:00.012,0.049907
BTCUSDT,1704297600007,0.00130144,2024-01-03 16:00:00.007,0.130144
BTCUSDT,1704326400004,0.00156108,2024-01-04 00:00:00.004,0.156108
BTCUSDT,1704355200000,0.00038493,2024-01-04 08:00:00.000,0.038493
BTCUSDT,1704384000045,0.00068043,2024-01-04 16:00:00.045,0.06804299999999999
BTCUSDT,1704412800000,0.0001,2024-01-05 00:00:00.000,0.01
BTCUSDT,1704441600005,0.0001,2024-01-05 08:00:00.005,0.01
BTCUSDT,1704470400010,0.00046541,2024-01-05 16:00:00.010,0.046541
BTCUSDT,1704499200005,0.0001,2024-01-06 00:00:00.005,0.01
BTCUSDT,1704528000012,0.0001,2024-01-06 08:00:00.012,0.01
BTCUSDT,1704556800003,0.00028705,2024-01-06 16:00:00.003,0.028705
BTCUSDT,1704585600005,0.0001,2024-01-07 00:00:00.005,0.01
BTCUSDT,1704614400000,0.0001,2024-01-07 08:00:00.000,0.01
BTCUSDT,1704643200004,0.0001,2024-01-07 16:00:00.004,0.01
BTCUSDT,1704672000000,0.0001,2024-01-08 00:00:00.000,0.01
BTCUSDT,1704700800002,0.0006783,2024-01-08 08:00:00.002,0.06783
BTCUSDT,1704729600004,0.0001,2024-01-08 16:00:00.004,0.01
BTCUSDT,1704758400001,0.0001,2024-01-09 00:00:00.001,0.01
BTCUSDT,1704787200001,0.0001,2024-01-09 08:00:00.001,0.01
BTCUSDT,1704816000004,0.00066778,2024-01-09 16:00:00.004,0.066778
BTCUSDT,1704844800000,0.00113201,2024-01-10 00:00:00.000,0.113201
BTCUSDT,1704873600000,0.00026274,2024-01-10 08:00:00.000,0.026274000000000002
BTCUSDT,1704902400001,0.0007424,2024-01-10 16:00:00.001,0.07424
BTCUSDT,1704931200000,0.00072009,2024-01-11 00:00:00.000,0.072009
BTCUSDT,1704960000008,0.00041037,2024-01-11 08:00:00.008,0.041037000000000004
BTCUSDT,1704988800000,0.0001,2024-01-11 16:00:00.000,0.01
BTCUSDT,1705017600000,0.0001,2024-01-12 00:00:00.000,0.01
BTCUSDT,1705046400000,0.0013275,2024-01-12 08:00:00.000,0.13274999999999998
BTCUSDT,1705075200000,0.00049177,2024-01-12 16:00:00.000,0.049177
BTCUSDT,1705104000000,0.00128506,2024-01-13 00:00:00.000,0.128506
BTCUSDT,1705132800004,0.00101809,2024-01-13 08:00:00.004,0.101809
BTCUSDT,1705161600000,0.00049945,2024-01-13 16:00:00.000,0.049945
BTCUSDT,1705190400001,0.00103267,2024-01-14 00:00:00.001,0.10326700000000001
